Employee ID,Name,Email,Department,Salary,Joining Date
1,Kirsten Chan,jenniferholmes@gmail.com,Marketing,71202.74,2022-06-12
2,Erica Adkins,drobles@rodriguez.com,Sales,87199.62,2017-08-04
3,Lindsey Mcmahon,claudiaacosta@hotmail.com,IT,90552.58,2021-07-06
4,Ryan Hartman,deborahclark@lewis.com,HR,44518.58,2024-04-24
5,Adam Baker,twhite@yahoo.com,Support,97890.15,2020-05-15
6,Jacqueline Jenkins,vasquezmiranda@hotmail.com,Sales,66135.91,2017-03-25
7,Robin Riley,xvillanueva@yahoo.com,Marketing,109038.89,2017-05-27
8,Christopher Smith,tallen@gmail.com,IT,118632.52,2015-04-11
9,Bonnie Phillips,qdiaz@figueroa-myers.info,HR,45781.64,2022-08-13
10,Amanda Jordan,villanuevajohnny@johnson.com,Support,86662.68,2024-03-11
11,Erin Larson,campbellalexis@cobb-allen.com,IT,119262.36,2020-12-05
12,Kayla Cabrera,vperkins@austin-murray.com,Sales,53845.48,2016-05-24
13,Nicole Adams,willisjason@yahoo.com,HR,59555.44,2025-02-10
14,Paul Garcia,davidwilliams@yahoo.com,Finance,42730.01,2021-10-24
15,Jennifer Bailey,natalie60@white.net,Marketing,106425.35,2023-07-31
16,Angela Terry,rsmith@gmail.com,Marketing,88651.29,2024-03-26
17,Margaret Brown,jenniferchandler@campbell.com,HR,48741.46,2018-08-22
18,Gary Smith,amy34@gmail.com,Sales,53719.32,2021-10-27
19,Ashley Fletcher,zevans@hotmail.com,Finance,49034.75,2016-03-08
20,Daniel Jackson,joseph19@young.info,IT,64412.15,2021-06-02
21,Anthony Johnson,karen23@phelps.biz,IT,85227.86,2019-08-19
22,Joshua Porter,atkinsmichelle@nelson.info,HR,96233.36,2022-02-20
23,Mr. Blake Gonzales,brittanyyoung@hotmail.com,IT,91749.32,2024-04-09
24,Brian White,reynoldsjeremy@mcdonald.com,Sales,73838.13,2016-09-26
25,Casey Wang,ibailey@gmail.com,Finance,91894.34,2018-06-15
26,Ryan Bowen,guerreroclinton@hotmail.com,Marketing,88068.34,2022-05-25
27,Alan Barr,jennifercantrell@douglas.com,Finance,82372.72,2024-09-16
28,Ryan Hines,uwhite@white-pearson.com,Finance,56978.19,2015-04-16
29,Alison Brown,monicavargas@pennington-cole.com,HR,115800.34,2021-03-03
30,Kenneth Griffin,daniel87@wallace.com,Sales,101506.63,2017-10-10
31,Ann Perez,travismorse@gmail.com,HR,90051.76,2020-10-13
32,Aaron Sanchez,smithmatthew@yahoo.com,Support,113131.64,2019-01-07
33,David Adams,michaelsmith@yahoo.com,Marketing,70533.63,2017-06-22
34,April Rose,nelsonperry@hotmail.com,Sales,93453.56,2021-12-23
35,Eric Tyler,dariushill@buchanan-young.biz,Sales,117943.73,2019-06-21
36,John Jimenez,brittany67@hale.com,Marketing,79473.46,2015-11-04
37,Jay Anderson,williamhardin@moran.com,IT,117387.52,2024-01-22
38,Robert Andrews,fclark@werner.org,Sales,107188.06,2016-08-28
39,April Miller,austinclark@johnston.com,Sales,105225.93,2020-10-29
40,Jason Hayden,calhounshane@mclaughlin.info,Support,62603.58,2023-09-12
41,Elizabeth Whitaker,raymondoneill@smith.com,Support,52233.58,2018-02-02
42,Taylor Gentry,michaelfrench@williams.com,HR,59754.8,2015-04-14
43,Jacqueline Adams,mguerra@wood.com,Support,105504.59,2016-10-21
44,Dustin Fernandez,kimgregory@vargas.com,HR,70382.85,2023-02-05
45,Regina Gallegos,bruce68@hotmail.com,Sales,53410.72,2019-06-19
46,Angela Bradford,ryanscott@powers.com,IT,86603.94,2017-12-28
47,Rodney Saunders,parkerjohn@henderson.com,Sales,116888.19,2018-12-10
48,Pam Evans,robinsonjoanna@fisher.com,Support,63282.16,2017-09-18
49,Alyssa Brown,matthew23@cantrell-ballard.com,Support,74540.22,2019-09-20
50,Kenneth Gonzalez,audrey78@gmail.com,Sales,58711.67,2016-04-20
51,Laura Walsh,karlscott@hotmail.com,Support,73723.05,2016-02-12
52,Lisa Miller,christopher23@yahoo.com,Sales,112464.53,2017-01-11
53,Lori Spence,sarah39@gmail.com,HR,53575.27,2016-01-01
54,Rachael Walters,ygonzalez@gmail.com,Sales,89555.14,2020-06-10
55,Michael Berg,vmeyer@rodriguez-anderson.com,HR,103727.27,2015-06-24
56,Tamara Jenkins,carolyn05@hotmail.com,Finance,58929.78,2020-11-14
57,Richard Burgess,melissaclarke@cox.net,Finance,100067.8,2019-12-11
58,Joshua Gamble,villarrealzachary@collins.biz,IT,96975.53,2017-11-03
59,Matthew Juarez,alanreid@hotmail.com,Sales,66054.63,2018-06-08
60,John Wong,josephmorales@hotmail.com,Finance,82657.84,2019-07-23
61,Sarah Hensley PhD,deckerlauren@gordon.com,HR,83773.22,2018-01-11
62,Brett Newman,kimberly17@gmail.com,Finance,71890.6,2023-07-22
63,Amber Chang,lisa14@hotmail.com,Marketing,68675.25,2017-06-10
64,Robert Carney,christopher91@gmail.com,IT,63013.21,2024-04-11
65,Jessica Castro,theresa42@pena.com,Sales,110687.18,2021-09-25
66,Erin Vasquez,tyler06@gmail.com,Support,95381.83,2021-10-14
67,Karen Coleman,aray@gmail.com,HR,81291.96,2022-11-04
68,Joshua Moore,brownkatherine@le.info,Finance,54655.16,2024-09-27
69,Edward Morgan,crawfordashlee@hall.com,Sales,67671.9,2024-03-26
70,Mr. Timothy Riggs,eric66@hoffman.com,Marketing,88280.49,2019-11-20
71,Aaron Underwood DDS,pneal@yahoo.com,IT,44260.49,2020-03-08
72,Gary Jackson,adrianphillips@colon-green.biz,IT,50911.51,2018-07-29
73,Debbie Stevens,velasquezrobert@george.org,Sales,53862.22,2016-11-30
74,Austin Cabrera,brooksjohn@levy-graves.com,Marketing,63501.42,2023-06-06
75,Cathy Lee,hawkinsmeagan@grant.net,HR,55845.81,2015-07-24
76,Craig Williams,brownwilliam@rodriguez.net,Marketing,118228.26,2016-03-22
77,Danielle Frost,iharris@gmail.com,Sales,115376.09,2017-09-25
78,Mark Conway,xallen@hotmail.com,Support,102721.91,2017-07-17
79,Michael Warren,hawkinspaul@gmail.com,HR,109792.25,2020-10-22
80,John Lane,william86@hotmail.com,HR,43687.25,2022-03-30
81,John May,cassieperez@rasmussen.com,IT,74096.45,2019-11-30
82,Colleen Calderon,millercameron@gmail.com,Finance,84781.06,2022-05-21
83,Phyllis Carr,thompsontimothy@gonzalez-hess.org,Sales,89058.77,2020-12-20
84,Lee Gill,paulshepherd@morgan-andersen.com,Sales,119430.86,2019-06-22
85,Jeremy Richardson,tmendoza@gmail.com,Support,66103.62,2019-01-21
86,Michael Holland,alexamiller@bryant-anderson.org,HR,59035.73,2016-01-10
87,Jesus Allen,gregorybecker@oconnell.org,HR,86424.14,2022-01-14
88,Laura Davis,swallace@williamson-horn.biz,Marketing,53265.46,2021-08-26
89,Melinda Green,julie12@hotmail.com,Finance,54977.89,2017-12-27
90,Cynthia Walker,stephanie31@gmail.com,Sales,97294.31,2015-09-09
91,Patrick Harvey,dennismatthew@sutton.com,HR,66948.81,2018-09-26
92,Shannon Arnold,catherinegreen@castillo.info,HR,46624.56,2017-09-17
93,Pamela Henderson,vickiematthews@green.net,Support,100408.72,2022-10-06
94,Timothy Morris,mcox@pena.com,HR,101827.26,2023-11-22
95,John Palmer,vbernard@yahoo.com,HR,55772.48,2021-09-05
96,Ashley Tucker,jeffrichardson@yahoo.com,Finance,85788.24,2015-05-02
97,Catherine Kennedy,john82@bolton.com,Support,118366.22,2015-11-14
98,Danielle Harris,nicole75@gmail.com,Sales,110836.63,2018-09-11
99,Daryl Frazier,patricksteele@coffey-anderson.com,Marketing,43968.48,2020-03-15
100,Linda Terry,derrickhoward@yahoo.com,IT,79482.86,2019-10-08
101,Amy Mills,toddmcdonald@gmail.com,Marketing,42026.82,2022-08-29
102,Jessica Cook,tonysmall@sanders.org,Finance,92469.65,2019-10-10
103,Loretta Rodgers,richard18@collins.com,IT,111257.77,2015-04-15
104,Amy Lopez,stephen48@hotmail.com,HR,49498.77,2024-05-21
105,Anne Chavez,jsmith@king.com,Finance,48806.63,2024-10-23
106,Holly Vance,joseph03@yahoo.com,Sales,90486.28,2020-10-14
107,Joshua Lopez,hillronnie@cooper-glass.com,Sales,54798.55,2015-12-22
108,David Johnson,sharon19@gmail.com,Marketing,66996.55,2015-08-08
109,Richard Christian,leachchristopher@gmail.com,Marketing,67863.41,2016-09-26
110,Tina Hawkins,ohughes@gmail.com,Finance,119667.13,2020-01-13
111,Kevin Harris,michaelrodriguez@yahoo.com,Marketing,105396.14,2024-01-17
112,Pamela Washington,vserrano@rowe-moore.com,Finance,85488.83,2021-08-29
113,Donna Walsh,christinabrown@love.com,HR,86142.97,2021-09-10
114,Madison Miller,michael26@wong.com,Finance,49001.53,2016-11-08
115,Lisa Martinez,frodriguez@gmail.com,Support,105709.34,2016-08-27
116,Alexander Thomas,troyhall@gmail.com,Finance,88183.23,2016-11-26
117,Melvin Taylor,raymondbrown@hart.com,Finance,100090.12,2018-06-25
118,Linda Russell,buckleywilliam@davila.com,Finance,52092.73,2020-03-14
119,Anna Thompson,uwinters@carlson-delgado.info,Sales,68602.19,2016-08-24
120,Jay Brown,caroline90@clark.com,Sales,53114.73,2017-11-18
121,Nathan May,turnerlaura@harris.com,Marketing,53676.74,2023-10-24
122,David Wilkins,tatejesus@yahoo.com,Support,61473.1,2024-02-06
123,Steven Braun,shirley05@hotmail.com,IT,57191.53,2024-10-18
124,Mr. Joe James,lsuarez@williamson.com,Marketing,85245.11,2017-10-07
125,Christopher Christensen,smithwesley@hunt-berry.net,HR,77995.14,2015-10-11
126,Joshua Sullivan,kathy17@hotmail.com,Support,114853.52,2016-01-25
127,Karen Ortiz,sholloway@williams.com,Finance,85150.25,2015-04-20
128,Destiny Larson,etran@wright-myers.com,HR,85038.74,2023-10-06
129,Stephanie Richardson,glyons@yahoo.com,Sales,81164.45,2016-02-18
130,David Bush,xbrown@jennings.org,Finance,59293.41,2016-07-28
131,Jerry Horn,diana55@salinas.com,Sales,57032.64,2020-10-19
132,Jennifer Watkins,zacharylawson@gmail.com,Sales,73598.14,2018-11-02
133,Brian Bowen,craig05@gmail.com,HR,71602.48,2023-12-18
134,William Patrick,noah48@gilbert.info,Support,99913.86,2018-02-10
135,Samuel Flores MD,marshallkayla@arnold.com,IT,95343.92,2018-06-30
136,Teresa Howard,howardrenee@yahoo.com,HR,113211.07,2017-07-31
137,Travis Potter,ryan11@weiss.com,Support,46319.67,2017-03-24
138,David Knox,richard79@gmail.com,Finance,70557.5,2021-09-12
139,Cory Wall,jamie92@gmail.com,Sales,99964.47,2019-07-05
140,Dr. Andrew Guerrero,davidbrooks@yahoo.com,HR,56642.3,2019-05-07
141,Jenna Sanders,gallegoscharles@delacruz.com,Support,89138.58,2016-12-13
142,Melinda Howe,lewisjoshua@hotmail.com,Finance,67573.38,2023-06-20
143,Monique Barnett,burkederek@hall.org,Finance,56786.99,2016-03-14
144,Jaclyn Mason,nathan42@moore.org,Sales,105841.89,2020-12-30
145,John Russell,wellsmary@hotmail.com,HR,76512.87,2017-10-07
146,Sarah Olsen,nthomas@hotmail.com,HR,68830.87,2016-11-04
147,Alyssa Wilson,sherry91@hotmail.com,Support,40447.84,2024-04-22
148,Joseph Flores,davidrebecca@dixon.net,Support,59644.78,2016-11-10
149,Joseph Moody,amber45@stevens.com,Finance,68393.79,2017-02-04
150,Rebecca Sparks,whiteemily@shepherd.com,HR,87995.7,2018-12-07
151,Anna Wood,lhodge@perez.biz,IT,63966.19,2022-12-19
152,Susan Meyer,larryperkins@perry-reid.com,IT,48278.75,2021-01-15
153,Kathryn Adams,brittanycastillo@simpson.org,Finance,62824.99,2019-12-22
154,David Villanueva,johnsontheresa@gmail.com,Finance,47994.94,2022-10-30
155,Andrew Hall,jonesjack@hotmail.com,IT,108201.58,2021-11-12
156,John Scott,ivargas@yahoo.com,Marketing,65158.88,2017-01-25
157,Victoria Robbins,justinelliott@nelson.com,IT,40156.14,2023-04-08
158,Sandra Chavez,browndarlene@spencer-brown.com,IT,109643.87,2025-03-05
159,John Guerra,icarroll@salas-ward.info,IT,61995.79,2021-03-17
160,Lisa Brown,angela59@hotmail.com,Finance,88979.66,2023-06-12
161,William Jenkins,charles41@harrison.com,HR,89540.32,2024-03-26
162,Angela Cooper,christianvalentine@smith-hull.com,HR,55533.76,2020-01-23
163,Catherine Guerra,andrepena@hotmail.com,Support,91502.0,2018-12-19
164,Tara Cole,veronica46@bush-huber.net,Marketing,106058.09,2016-09-12
165,Victoria Campbell,lindamalone@graham.biz,Marketing,104846.57,2016-05-30
166,Mark Thomas,carrillotanya@yahoo.com,Support,114449.27,2019-04-30
167,David Lopez,rhall@buck-clements.com,Support,85835.41,2021-02-02
168,Tracey Patton,rogersconnor@morris.biz,Finance,89173.04,2024-08-16
169,Andrew Harris DVM,amandabradley@thompson-montgomery.info,HR,70261.98,2016-05-23
170,Jerry Powell,keiththompson@yahoo.com,HR,119221.82,2023-05-17
171,Charles Sharp,brendaford@gmail.com,Support,50394.36,2016-12-24
172,Stephen Martin,durandaniel@hotmail.com,Marketing,115923.51,2025-02-12
173,Nicholas Scott,sabrina87@michael.net,Finance,63020.17,2016-10-13
174,Benjamin Reyes,michaeljohnson@owen-saunders.com,Sales,115282.72,2017-06-01
175,Nancy Massey,bandrews@gmail.com,Finance,62593.29,2023-01-15
176,Paige Wright,clintoncarpenter@yahoo.com,Support,42395.45,2016-05-10
177,Karen Rivers,powerseddie@hotmail.com,HR,96109.55,2021-12-15
178,Chad Henderson,teresa48@hotmail.com,HR,65219.46,2023-05-05
179,Denise Mayo,christy98@mosley-jackson.com,Support,72934.49,2021-10-13
180,Jennifer Hodge,charles39@yahoo.com,Finance,72736.39,2015-06-10
181,Erin Crosby,davidpowell@carter.com,Sales,108374.79,2021-10-04
182,Jonathan Hanna,morganchristopher@gonzalez.net,IT,86938.49,2019-07-29
183,Jennifer Sullivan,dnorris@hotmail.com,Sales,112911.9,2023-02-02
184,Lisa Watts,jenniferhurst@smith.info,IT,119384.97,2015-09-16
185,Jennifer Kelly,beardluis@dalton.com,Finance,75519.8,2018-03-17
186,Keith Allison,richard78@gmail.com,HR,78947.18,2023-09-04
187,Christina Velasquez,bthomas@turner-flores.com,Support,94814.74,2024-05-22
188,Tiffany Gomez,rebecca31@hotmail.com,Support,111578.7,2018-02-17
189,Stacey Russell,uwright@townsend.com,Support,72016.0,2018-11-20
190,Andre White,william76@coffey-gray.net,Sales,88953.72,2021-08-09
191,Joyce Vazquez,thomas73@carpenter.com,Finance,105713.56,2023-12-14
192,Jennifer Wiley,dli@gmail.com,Marketing,69123.08,2016-04-21
193,Emily Williams,alejandrohall@morse.com,Sales,48740.44,2016-02-29
194,Tiffany Salinas,samanthaking@morgan.com,IT,83013.13,2023-09-24
195,Joel Rose,alexanderbarnes@gmail.com,Sales,105632.59,2020-11-08
196,Sara Ibarra,velazquezjames@brown.com,IT,104055.4,2021-07-31
197,Sarah Howe,thernandez@yahoo.com,Sales,51505.54,2018-05-29
198,Kimberly Rodriguez,pattersonchristopher@yahoo.com,Support,111233.56,2023-08-08
199,Jordan Jackson,charlesgreene@gmail.com,IT,109537.2,2017-12-01
200,John Ward,gregory52@collins.com,IT,52476.57,2015-10-29
201,Danielle Byrd,rebeccaandrews@gmail.com,Sales,41834.32,2020-01-04
202,Kelly Webb,morriselizabeth@yahoo.com,Marketing,87593.23,2020-07-25
203,Amanda Mcconnell,brian13@yahoo.com,Finance,86867.04,2022-02-07
204,David Randolph,kevin34@webb-white.biz,Sales,67341.11,2021-01-12
205,Joseph Brandt,hwarner@gmail.com,Marketing,53963.0,2021-05-30
206,Terrence Miller,kimgomez@hotmail.com,Finance,77888.0,2018-05-03
207,Marisa Weber,justinhickman@gmail.com,IT,62241.29,2017-02-22
208,Jennifer Horton,zsmith@gmail.com,HR,111157.38,2019-05-07
209,Steven Walton,molly47@bryant.com,Support,109339.26,2016-11-15
210,Donna Washington,janderson@gmail.com,Finance,73685.14,2020-11-08
211,Karen Dixon,cgomez@reynolds.com,Finance,103613.14,2021-12-22
212,Thomas Thompson,bailey31@gomez-black.org,IT,92571.57,2016-07-12
213,Jonathan May,jamescoleman@yahoo.com,IT,86876.2,2022-12-05
214,James Scott,bgrimes@yahoo.com,Marketing,84466.26,2024-11-04
215,Joel Nunez,howardjoanna@hotmail.com,HR,85216.83,2017-01-14
216,Jeremy Lloyd,lwilson@hotmail.com,Support,64094.03,2018-04-15
217,Karen Hopkins DDS,angelaevans@wilson.com,Sales,47932.53,2017-10-30
218,Hailey Woods,jordansmith@torres.org,Marketing,72446.96,2019-07-28
219,Eric Moore,codygarza@hotmail.com,HR,68673.27,2019-01-01
220,Cynthia Anderson,maxwell61@guzman.com,HR,97253.11,2015-06-12
221,Mary Carr,reevespeter@morgan.org,Sales,89467.74,2020-07-12
222,Jacqueline Garner,vsparks@barry.com,HR,117849.86,2022-02-02
223,Chase Reyes,danielwhitehead@hotmail.com,Support,80578.02,2018-05-15
224,Frances Lee,christophertaylor@yahoo.com,Finance,48643.51,2021-10-10
225,Cheyenne Oliver,bruce43@yahoo.com,Finance,67635.77,2016-05-23
226,Karen Little,marymaddox@yahoo.com,Sales,48242.77,2022-07-13
227,Kyle Edwards,oreese@hotmail.com,Support,102640.25,2018-06-21
228,Todd Lane,austin66@wilson.com,Finance,58975.72,2022-03-30
229,John Caldwell,carlosmckee@yahoo.com,IT,104283.94,2020-02-08
230,Jared Jackson,tracycaldwell@alvarez.com,Finance,78130.44,2025-01-27
231,Anthony Rose,moodycharles@figueroa.info,Marketing,48150.1,2018-05-13
232,Krista Johnston,ashleywilliams@cole-williams.com,IT,44957.28,2015-07-26
233,Emma Villa,crystalgarcia@peters.com,Sales,107713.17,2022-04-01
234,Amanda Crawford,charles47@yahoo.com,Sales,87137.49,2022-03-27
235,Jonathan Figueroa,monroejoseph@gmail.com,HR,116668.78,2022-01-31
236,Michael Jackson,susan82@hotmail.com,HR,41309.7,2019-10-31
237,Robert Crawford,clarkdavid@yahoo.com,HR,83333.24,2018-03-19
238,Carlos Rivera,tking@hotmail.com,Marketing,106151.18,2019-12-10
239,Nicholas Chan,david43@morris.com,Marketing,41273.53,2017-05-07
240,Kathleen Lane,rachaellewis@hotmail.com,HR,73411.94,2023-08-05
241,Timothy Malone,timothyturner@harris.com,Sales,52995.33,2021-01-12
242,Vanessa Ferguson,jwright@yahoo.com,HR,113474.81,2018-11-24
243,Sharon Melendez,davidcampbell@howard-johnson.org,HR,90249.83,2016-10-09
244,Christopher Abbott,olsontyler@gmail.com,HR,94867.63,2018-04-04
245,Jennifer Dodson,rwashington@patrick-huff.com,Finance,86949.09,2024-05-05
246,Mrs. Elizabeth Haynes MD,kerry27@yahoo.com,Sales,118219.27,2021-12-23
247,Bianca Pena,josephwillis@hotmail.com,Finance,108926.16,2021-06-17
248,John Smith,tmadden@whitaker-lynch.info,IT,74720.42,2015-03-23
249,Kimberly Bryant,david45@andrews.com,Marketing,58675.01,2022-08-17
250,Dawn Lee,clee@smith.com,IT,49622.83,2023-05-20
251,Emily Cline,aaron63@yahoo.com,HR,54380.96,2023-06-28
252,April Lewis,shawkrystal@hopkins-brewer.info,Marketing,62444.46,2021-12-06
253,Virginia Solis,laurahines@hotmail.com,HR,63227.36,2017-03-24
254,Jason Pena,zgoodwin@edwards.com,HR,98776.39,2016-07-23
255,Janice Simon,iware@yahoo.com,Support,102649.36,2018-07-24
256,Michael Wood,timothy46@hotmail.com,Marketing,48473.66,2024-07-10
257,Nicole Freeman,rsanders@lewis-pineda.com,Sales,114797.2,2019-10-07
258,Richard Patton,william30@waters.org,Finance,105849.38,2021-01-27
259,Michael Baker,adammeyer@garcia.info,IT,42062.39,2018-11-09
260,Dawn Bates,jeffersondaniel@kelley.org,Finance,56761.84,2016-05-23
261,Jocelyn Cochran,johnmoreno@rodriguez.biz,IT,104081.6,2020-10-25
262,Joshua Gutierrez,aguilarcarl@gmail.com,Marketing,49981.29,2023-03-16
263,Evan Li,cgarrett@carey.net,IT,89901.46,2021-02-04
264,Samantha Dunn,kaitlyn32@hotmail.com,Support,49569.16,2024-03-18
265,Jillian Brown DDS,charles71@yahoo.com,Support,84182.06,2022-03-09
266,Jordan Erickson,cassandramartin@thompson.com,Sales,46186.08,2023-05-18
267,Claire Day,martincameron@cox.biz,Finance,98095.46,2023-08-13
268,Michael Scott,maureensherman@hotmail.com,Marketing,47614.16,2016-03-12
269,Mr. Nicholas Olson MD,zbrown@bradshaw.net,IT,91897.25,2021-12-08
270,Walter Cruz,antonio90@orozco.info,Support,92835.24,2017-12-19
271,Cole Griffin,randy92@lopez.com,HR,94400.09,2018-10-27
272,Thomas Jones,blake70@yahoo.com,Support,98246.18,2016-12-20
273,Nicole Beck,rdeleon@yahoo.com,Marketing,106280.05,2020-10-18
274,Kimberly Valdez,ahumphrey@ashley.biz,HR,42348.08,2022-09-23
275,Ryan Anderson,qsmith@hotmail.com,IT,108254.16,2024-10-22
276,Eric Leonard,awright@yahoo.com,Marketing,63599.69,2018-06-12
277,Paula Sandoval,hlong@carter.com,Finance,59834.61,2019-01-18
278,Diane Miller,rollinsmary@cardenas.info,Marketing,48516.9,2015-10-01
279,Spencer Santana,daniel43@liu.com,HR,81210.0,2020-07-03
280,Anna Clements,angela56@gmail.com,Marketing,109959.66,2022-12-30
281,Donald Smith,tara50@merritt.org,Marketing,48249.97,2016-01-20
282,Melissa Steele,lopeztammy@hotmail.com,IT,53368.33,2016-06-03
283,Kevin Perry,ijohnson@hotmail.com,Marketing,106298.26,2020-02-05
284,Jill Fitzpatrick,anthonyrodriguez@cook.info,Finance,51851.16,2022-05-26
285,Benjamin Ellis,umorris@martinez.com,Marketing,76532.65,2023-01-05
286,Chelsea Williams,lisatucker@hotmail.com,HR,44609.11,2022-10-02
287,John Thomas,janice56@taylor.com,IT,111847.02,2015-05-23
288,Stephanie Nicholson,mary58@gmail.com,IT,40265.06,2020-11-15
289,Kevin Johnson,blevinsdakota@hotmail.com,HR,81863.55,2018-12-08
290,William Hall,barbara07@hudson.biz,HR,40209.71,2021-10-16
291,Mr. Lawrence Cole,brittanymunoz@taylor.org,Sales,102767.75,2016-07-29
292,Kevin Berg,johnhall@hotmail.com,Support,50576.58,2022-06-25
293,Alex Bailey,derrickrusso@hudson.biz,Support,56589.92,2018-01-01
294,Elizabeth Schmidt,ematthews@hotmail.com,Marketing,46057.09,2023-08-02
295,Angela Graham,william09@sanders-porter.biz,Finance,45268.73,2019-03-05
296,Charles Houston,tglenn@gmail.com,HR,72994.94,2015-08-23
297,Michael Heath,david55@hotmail.com,Support,112774.53,2023-11-09
298,Pamela Houston,michael57@fernandez.com,Marketing,103846.8,2017-04-19
299,Mr. Ryan Underwood,padillamargaret@yahoo.com,IT,78578.96,2023-04-24
300,Ronnie Fuller,dustinjenkins@hodges.net,HR,83139.02,2023-01-18
301,Sue Griffin,crobinson@yahoo.com,Support,72727.48,2021-04-12
302,John Hughes,hstewart@coleman-washington.biz,Support,92716.94,2017-11-28
303,Cory Thomas,jesusfreeman@anthony.com,Support,81930.71,2023-05-16
304,John Thornton,billy31@copeland-smith.com,IT,96544.87,2020-03-14
305,Steven Young,parkerangela@yahoo.com,HR,108957.97,2021-02-01
306,Melvin Reynolds,chandleralyssa@gmail.com,Marketing,91794.43,2020-11-20
307,Jeffrey Mclean,turnerbrandon@ho-walton.com,Marketing,92987.31,2024-12-13
308,Mr. Matthew Owens Jr.,tlambert@garner-holland.com,HR,101955.09,2016-06-16
309,Allison Lambert,mark21@hotmail.com,HR,64643.17,2020-09-07
310,Ashley Berry,christina53@chavez-diaz.org,Support,97827.47,2017-08-29
311,Bob Scott,eflores@ellis.com,Sales,104706.6,2015-04-29
312,Brandy Griffin,amberwood@baker-miller.net,IT,40367.6,2024-11-29
313,Nancy Carrillo,joseph82@stewart.info,Sales,51232.12,2023-06-30
314,Kevin Wilson,ehernandez@gmail.com,Marketing,75585.88,2022-06-04
315,Zachary Hill,eric41@gmail.com,Sales,89754.55,2015-09-11
316,Kristina May,zacharyshields@brown.biz,HR,115969.98,2018-04-17
317,Sarah Moore,zacharysparks@yahoo.com,HR,65493.79,2019-08-27
318,Jill Mays,chandennis@gmail.com,Marketing,47377.47,2024-11-14
319,Erica Velasquez,sdavis@cross.com,IT,47928.74,2023-04-12
320,Jennifer Larsen,fmartinez@yahoo.com,IT,110776.05,2021-12-19
321,Savannah Rowe,kyle17@gmail.com,Finance,66187.18,2019-10-02
322,Kaitlyn James,gwilliams@hammond-hawkins.com,Marketing,101889.83,2018-11-18
323,Marie Pierce,menglish@williams.com,IT,55405.16,2015-04-19
324,Jacob Smith,shannonsandoval@lopez-bennett.net,Sales,75098.05,2015-06-11
325,Roy Romero,vcherry@gmail.com,HR,114516.04,2015-11-28
326,Andrew Ward,mharmon@hotmail.com,Marketing,64247.31,2017-05-16
327,Sandy Cochran,randallbrowning@flores.com,Finance,58116.97,2019-11-25
328,David Barber,anthony07@yahoo.com,Marketing,107754.77,2022-10-25
329,Warren Rasmussen,ihicks@yahoo.com,HR,70619.34,2015-03-23
330,Tyler Sparks,jordan30@yahoo.com,IT,79140.38,2016-05-28
331,John Young,barbaracooke@yahoo.com,Support,59715.32,2019-06-28
332,Daniel Brown,tarahoward@hotmail.com,Sales,101638.74,2018-09-25
333,Dr. Jeffrey Taylor,burgesskelly@hotmail.com,IT,115091.22,2018-12-09
334,Scott Phillips,cordovafrancisco@brooks-thomas.com,Finance,93802.65,2022-11-15
335,Christopher Clark,mcdowelljon@yahoo.com,Finance,80002.29,2017-10-04
336,William Mclean,zjordan@yahoo.com,HR,62768.32,2025-02-12
337,Megan Adams,xwood@le.com,Finance,71595.15,2015-12-03
338,Jennifer Espinoza,icastro@gmail.com,Marketing,90060.21,2023-07-24
339,James Ruiz,ejoseph@duarte.com,Support,59574.56,2020-01-05
340,Melissa Zimmerman,robertsdavid@warren-bennett.info,HR,71156.51,2015-08-18
341,Melinda Price,rita04@burke.net,IT,110411.99,2025-02-16
342,Maria Johnson,juliethomas@yahoo.com,HR,62639.67,2024-03-20
343,Kimberly Allen,peter64@yahoo.com,Finance,101057.61,2024-05-10
344,Sherri Jones,leematthew@johnson-roberts.info,Finance,56828.66,2017-10-27
345,Christopher Cabrera,kennedyjennifer@sawyer.com,Finance,87917.58,2017-02-25
346,Steven Smith,wendysmith@gmail.com,Sales,74907.08,2019-01-23
347,Olivia Haley,jessica62@gmail.com,Marketing,51048.28,2020-03-17
348,Natasha Reyes,riveradaniel@dean.info,Finance,46594.76,2017-03-19
349,James Mason,petersalexis@blanchard-stone.com,Sales,66095.05,2018-11-04
350,Tamara Clay,ricedale@howard.info,HR,109188.0,2016-06-28
351,Jeanette Harmon,kimberly50@yahoo.com,Marketing,69837.57,2025-01-05
352,Sylvia Chavez,joshuabrock@allen.net,IT,75303.64,2023-12-14
353,Danielle Lewis,jaydickerson@hotmail.com,Support,100356.74,2025-02-09
354,Ryan Lawson,ggonzalez@yahoo.com,Finance,118012.63,2020-09-15
355,Patrick Giles,randycollins@yahoo.com,IT,66275.51,2021-05-10
356,Brandon Mejia,cookjudy@yahoo.com,Sales,101686.1,2020-10-06
357,Stephanie Ramirez,ashley25@yahoo.com,Support,83310.03,2017-04-21
358,Antonio Brown,mario70@mendoza-dunn.biz,Finance,77586.0,2024-08-02
359,Danielle Larson,john18@yahoo.com,IT,56830.45,2016-08-01
360,Brian Stevens,zsanders@lyons-valentine.com,Marketing,75251.65,2015-03-25
361,Haley Wilson,austintaylor@hotmail.com,HR,50077.28,2023-02-25
362,Donna Trevino,rushcarrie@larson.com,IT,114953.32,2020-06-26
363,Kenneth Wilson,williamsteele@hunter.org,IT,119942.14,2024-09-13
364,Megan Clark,mariacraig@lynch-garza.com,IT,97463.22,2022-09-30
365,Aaron Carrillo,saraherickson@gmail.com,IT,51328.18,2024-12-20
366,Rebecca Warren,michael28@henderson-velasquez.com,Support,87625.03,2018-09-19
367,Jennifer Fowler,virginiaperez@thomas-smith.biz,HR,104670.86,2018-06-06
368,Kathryn Marshall,scottpeterson@yahoo.com,IT,114860.62,2024-12-31
369,Richard Brown,pfuller@rangel-gonzalez.com,IT,44976.35,2018-03-01
370,Joel White,laurienelson@hotmail.com,Finance,72766.02,2022-04-13
371,Courtney Smith,teresawalker@hickman-watkins.net,Sales,88929.97,2016-01-09
372,Samuel Cook,mendozatimothy@fox-dominguez.biz,HR,81485.28,2016-10-02
373,Susan Trujillo,pamela00@hotmail.com,Finance,60580.01,2015-08-23
374,Bradley Gonzalez,gilbertdestiny@gmail.com,Support,109910.01,2024-11-05
375,Willie Daniels,obrienbilly@barajas-richards.info,Sales,94460.74,2021-05-12
376,Jason Moore,allenbrandon@rodriguez-russell.com,Sales,108824.16,2024-11-20
377,Michelle Reyes,jeremybarton@gmail.com,Sales,96890.37,2024-12-12
378,Ian Brown,ysullivan@wilson-campos.com,Sales,119207.62,2017-09-13
379,Matthew Martinez,qhayden@gmail.com,Sales,61442.05,2018-06-11
380,Terry Carter,kennedystacy@jones-yoder.com,Finance,103213.24,2024-12-29
381,Caitlin Petersen,nturner@yahoo.com,Marketing,71214.18,2023-06-16
382,Diana Bates,williamsmeredith@yahoo.com,Support,92454.75,2021-07-08
383,Vanessa Burgess,newtondwayne@pitts.com,Marketing,78933.15,2024-09-09
384,Stephanie Roberts,april87@robinson-carpenter.biz,Finance,116016.73,2018-03-01
385,Timothy Cox,porterjason@hotmail.com,HR,111259.49,2016-04-12
386,Katherine Harris DDS,debbiefisher@morris-ponce.com,Finance,91912.69,2019-10-25
387,Adriana Johnson,gutierrezheather@yahoo.com,Sales,53714.63,2019-06-22
388,Amanda Vargas,schwartzmichael@yahoo.com,Finance,76171.98,2016-07-25
389,Mrs. Patricia Thomas,fhuang@gmail.com,HR,44437.0,2016-05-08
390,Sara Figueroa,boltonholly@gmail.com,Finance,42877.72,2022-02-22
391,Calvin Clark,hmathews@hotmail.com,IT,105312.36,2020-01-29
392,Diana Spence,uvelasquez@gmail.com,Sales,42650.12,2021-06-06
393,John Graham,thomas88@murphy-cox.info,Finance,65940.17,2023-11-08
394,Paul Oconnor,jennifer02@yahoo.com,Sales,70876.62,2024-08-17
395,David Romero,barkersuzanne@gmail.com,IT,91553.24,2022-01-26
396,Reginald Powers,michellereyes@gonzalez-cardenas.biz,IT,78042.39,2020-07-01
397,Renee Navarro,christinarios@brown-martinez.com,Marketing,117345.36,2019-09-28
398,Javier Nelson,dawn35@jordan.com,Finance,45165.94,2017-04-10
399,Kelsey Richardson,fparker@gmail.com,HR,87064.27,2018-12-06
400,James Dawson,diamondjohnson@gmail.com,Support,106392.6,2015-05-03
401,Brian White,nealjames@hamilton.com,IT,46518.07,2018-10-14
402,Courtney Duran,rmiller@frazier.info,Support,107885.01,2024-05-30
403,Gary Lucas,garciaemily@gmail.com,Sales,52199.17,2025-02-02
404,Sheila Curry,smithmichelle@gill.net,Support,104936.94,2020-01-29
405,Lance Wells,cristina63@ballard-fleming.com,Marketing,101212.51,2024-03-29
406,Bradley Cordova,nicolemartinez@hotmail.com,HR,113118.76,2020-11-14
407,Maurice Mitchell DDS,smithcheryl@gmail.com,Support,69531.15,2015-05-15
408,Craig Suarez,michaellong@yahoo.com,Marketing,87292.71,2021-01-20
409,Christopher Keller,zachary63@huang.com,IT,87090.93,2023-09-22
410,Mr. Shane Henry,abarker@gmail.com,IT,74162.98,2018-09-13
411,Nicholas Moore,gknox@hotmail.com,Sales,59972.98,2022-06-26
412,Dana Walker,karenhudson@coffey.org,HR,86126.68,2022-06-14
413,Caitlin Tran,coreygreen@yahoo.com,Finance,86471.88,2019-04-03
414,Michael Fleming,amy26@gmail.com,IT,92180.68,2017-02-26
415,Kathleen Rodriguez,robbinsmichael@yahoo.com,Support,68609.22,2020-04-20
416,Ethan Fitzgerald,weberwilliam@yahoo.com,Support,82627.08,2019-11-26
417,Karen Barker,swagner@gmail.com,Finance,79131.45,2019-06-26
418,Tami Mccoy,hbrooks@yahoo.com,HR,104399.37,2022-08-04
419,Cynthia Hicks,benjamindavid@zimmerman.biz,Support,98399.69,2020-03-04
420,Victoria Powell,kyle46@hotmail.com,Marketing,47920.07,2015-05-23
421,Brandon Lee,jessebell@clark.com,Support,74184.74,2016-01-14
422,Mr. Alex Long,dharrison@beard.com,Sales,42213.4,2017-01-18
423,Roger Chang,nathan31@yahoo.com,IT,63929.63,2023-03-25
424,Matthew Johnson,meganjefferson@matthews.com,IT,75980.46,2019-04-01
425,Kristin Jimenez,edgar82@knox.net,Support,108568.23,2017-12-26
426,Justin Kim,vspencer@vasquez-perez.com,Support,109142.82,2024-03-14
427,Seth Brown,cking@klein.info,Support,102414.01,2023-02-20
428,Melinda Stephens,whitney98@jordan-perez.biz,IT,77819.84,2019-11-08
429,Rachel Sanchez,ramseyjames@hotmail.com,Support,58202.13,2019-02-04
430,Julie Schmidt,margaretwong@gmail.com,HR,114295.42,2021-12-31
431,Kaitlyn Garza,hobbsbenjamin@rocha-johnson.com,Sales,58873.13,2023-02-20
432,Mark Wood,gilmorepam@yahoo.com,Marketing,101682.25,2019-06-09
433,Nathan Walsh,lnicholson@thornton.com,Finance,67998.5,2023-06-02
434,Joshua Duncan,patrick27@hotmail.com,Finance,84784.61,2018-04-25
435,Mike Sanchez,nnicholson@yahoo.com,HR,107946.55,2018-12-20
436,Eric Thornton,brent81@yahoo.com,HR,70095.9,2015-12-15
437,Jeffrey Buck,vwoods@gmail.com,HR,71259.48,2020-06-08
438,Cole Grant,martin12@yang.net,Sales,104645.39,2024-02-06
439,Stephanie Calderon,rachaelwebster@hotmail.com,Marketing,55052.52,2024-09-08
440,Charles Wiggins,james76@evans-alvarez.biz,IT,57890.6,2018-06-24
441,Jamie Whitney,karen27@hotmail.com,Marketing,90525.28,2017-09-14
442,Elizabeth Hart,louissmith@hotmail.com,IT,48155.09,2023-03-28
443,Kathleen Holland,ryansanders@green.org,Marketing,109647.65,2016-11-04
444,Shannon Haley,ucaldwell@harrell-cole.com,Finance,78547.41,2023-03-10
445,Nicole Ford,mtate@daniels.info,Support,46479.71,2015-09-15
446,Joshua Atkinson,laura43@yahoo.com,HR,69828.2,2019-01-01
447,Robert Sanders,lisawoodard@gmail.com,Marketing,85383.31,2020-10-23
448,Shane Weber,wagnerdylan@love.info,HR,68223.85,2024-10-02
449,Jerry Baxter,xthomas@yahoo.com,Finance,89172.63,2015-09-04
450,Laura Oconnell,christineowens@yahoo.com,Marketing,75219.95,2023-01-20
451,Robert Lewis,johnsonjames@vance-peterson.com,Marketing,47978.32,2020-03-23
452,Valerie Dean,jgarcia@gmail.com,Marketing,96777.63,2022-11-19
453,Eric Mccarty,dawsonandrew@hotmail.com,Sales,117857.63,2018-03-26
454,Amy Taylor,banderson@gmail.com,Support,115470.7,2016-12-05
455,Jennifer Martinez,wagnerseth@yahoo.com,HR,115555.2,2017-10-19
456,Joanna Tucker,salazarjustin@moore.com,Support,45481.24,2017-07-27
457,Kelly Dougherty,hoffmanlisa@sanchez.com,Support,97211.05,2023-09-01
458,Denise Rivera,csloan@guerrero.com,HR,117786.94,2023-02-17
459,Juan Smith,melissaallen@coleman.com,Sales,118233.57,2022-09-06
460,Anthony Brown,sharpjoseph@hotmail.com,Finance,69712.15,2019-07-03
461,Stephanie Gray,burtontyler@yahoo.com,Sales,73508.0,2015-12-24
462,Justin Steele,willisjennifer@yahoo.com,IT,45843.44,2016-12-23
463,Mark Robinson,vmarks@gmail.com,Finance,99531.51,2018-02-06
464,Chad Martin,brenda67@williams.net,Sales,62493.01,2015-05-20
465,Austin Miller,swansonstacey@juarez-cook.org,Finance,43616.88,2021-02-09
466,Cindy Garcia,nelsonjohn@gmail.com,Sales,55286.4,2015-04-03
467,Ashley Robinson,ellenrogers@gmail.com,IT,41485.77,2020-01-23
468,Susan Archer,mcleanalbert@rodriguez.com,Finance,41656.12,2022-09-18
469,Aaron Burke,uwilkinson@gmail.com,Support,73628.13,2020-02-18
470,Jill Jones,mary94@hotmail.com,Marketing,119163.45,2019-06-22
471,Jennifer Scott,freemanjulie@hotmail.com,Sales,76584.32,2022-02-05
472,Justin Houston,heather48@hotmail.com,IT,113257.85,2025-02-25
473,Steven Curtis,jacob52@yahoo.com,Marketing,47921.4,2022-05-18
474,Katherine Dorsey,cassandramitchell@terrell.com,HR,113204.4,2023-05-04
475,James Sanders,kendra14@hotmail.com,Marketing,113887.29,2015-07-22
476,Brandon Sullivan,ryanstanley@stein-stewart.com,HR,117383.84,2018-10-19
477,Melissa Montoya,josephdiaz@williamson-zavala.org,IT,60906.01,2021-08-18
478,Maurice Ross,stewartcharles@yahoo.com,Sales,61541.83,2018-11-09
479,Pamela Johns,jon03@gmail.com,HR,112394.26,2023-10-10
480,Alicia Curry,christophersawyer@hotmail.com,Finance,103587.95,2024-05-21
481,Mr. Eric Chang,imeyer@yahoo.com,Support,54517.27,2021-10-07
482,Jon Young,vellis@ruiz.org,Marketing,82220.89,2023-08-30
483,Laura Harrison,gordonbrenda@hotmail.com,HR,93225.24,2018-11-25
484,Dwayne Sanchez,mooreaustin@white-mora.com,IT,50766.98,2017-06-14
485,Andrea Horton,abishop@wallace.net,Marketing,110039.28,2018-07-07
486,Michael Watson,fwilkerson@yahoo.com,Support,75021.82,2015-07-04
487,Mary Gonzalez MD,teresa17@yahoo.com,Support,75367.91,2015-05-21
488,Robert Sherman,robertzuniga@hotmail.com,Support,101767.22,2018-09-24
489,Kelly Ross,richardjennifer@smith.com,Marketing,84080.0,2017-08-03
490,Lindsay Shaw,kimbentley@mcpherson-curtis.com,IT,118967.85,2018-07-29
491,Kim Zamora,derrick03@anderson-brown.com,Finance,97080.09,2018-04-07
492,Dr. Tammy Long,kelly69@hotmail.com,Sales,52438.99,2023-07-12
493,Jennifer Hoffman,mccoyjeanette@garcia-vang.com,Sales,99254.42,2017-05-01
494,Michelle Rosales,acabrera@lewis-turner.com,Marketing,101199.26,2017-09-23
495,James Collins,ctodd@jones-holland.com,Marketing,71361.8,2017-11-20
496,John Burke,jameshernandez@yahoo.com,HR,55337.31,2018-12-23
497,Kristi Dennis,hmcmillan@white.com,Sales,103355.44,2021-11-15
498,Shane Richardson,pholden@andrews-campbell.com,Finance,70586.4,2025-01-15
499,Brittany Singh,rasmussenalexa@parker-osborne.biz,Marketing,75271.4,2016-07-29
500,Sarah Henry,michaelkelly@mills.com,HR,76340.43,2019-11-08
